t_id_terreno;area_digital
1073595;0.13199899968022866
1170404;0.9985145004869457
1112323;0.13199899968022866
